cycle	seed62	seed63	seed64	seed65	seed66
1000	2.83089	2.83647	2.83022	2.83329	2.83452
2000	2.83652	2.82764	2.8324	2.83472	2.83602
3000	2.85593	2.83859	2.83356	2.84094	2.84071
4000	2.86175	2.838	2.83838	2.83665	2.8412
5000	2.85104	2.83502	2.83581	2.84088	2.84353
6000	2.84495	2.83748	2.84382	2.84945	2.84174
7000	2.83871	2.84558	2.84342	2.85371	2.84336
8000	2.8378	2.84643	2.8523	2.84647	2.84132
9000	2.8518	2.85121	2.86085	2.84999	2.84692
10000	2.85731	2.84701	2.85861	2.84744	2.87227
11000	2.86931	2.83991	2.86209	2.85372	2.90397
12000	2.8639	2.8312	2.88282	2.85293	2.92062
13000	2.85032	2.82828	2.94791	2.85239	2.91758
14000	2.82787	2.82291	3.04679	2.84834	2.91978
15000	2.79842	2.82313	3.11344	2.86857	2.92032
16000	2.79623	2.82601	3.12903	2.87363	2.92022
17000	2.79535	2.82302	3.14347	2.87966	2.9167
18000	2.811	2.82247	3.15179	2.89187	2.92342
19000	2.83521	2.82248	3.16051	2.90407	2.94224
20000	2.86382	2.82633	3.16906	2.90869	2.97715
21000	2.88862	2.82848	3.16492	2.92992	3.00299
22000	2.91321	2.8241	3.15788	2.94954	3.03371
23000	2.93159	2.82614	3.1519	2.97161	3.06175
24000	2.94974	2.82275	3.13785	2.99206	3.07999
25000	2.97216	2.82509	3.13506	3.01804	3.09243
26000	2.9943	2.82195	3.1282	3.04427	3.10748
27000	3.01728	2.83662	3.13073	3.06222	3.11183
28000	3.03596	2.86308	3.12535	3.08398	3.10736
29000	3.0398	2.91187	3.12462	3.0896	3.11072
30000	3.04973	2.95381	3.12832	3.10038	3.1086
31000	3.06654	2.96625	3.12751	3.09896	3.11207
32000	3.07102	2.95158	3.12886	3.10489	3.1131
33000	3.0824	2.94958	3.13577	3.11231	3.11533
34000	3.07833	2.93923	3.12913	3.10698	3.11417
35000	3.08645	2.94123	3.13094	3.11258	3.1181
36000	3.08751	2.93573	3.1295	3.11349	3.12152
37000	3.09357	2.92924	3.131	3.11224	3.11248
38000	3.09275	2.92686	3.13026	3.11209	3.11195
39000	3.10177	2.92609	3.12537	3.11332	3.11255
40000	3.10125	2.92641	3.1275	3.11112	3.11883
41000	3.10137	2.92179	3.1272	3.11165	3.11931
42000	3.10329	2.92682	3.12698	3.11364	3.12152
43000	3.10456	2.92211	3.12952	3.11237	3.11474
44000	3.10206	2.92411	3.1221	3.11711	3.1194
45000	3.09358	2.92444	3.13046	3.11341	3.12311
46000	3.0728	2.93245	3.13467	3.11133	3.11682
47000	3.03104	2.92647	3.13556	3.11638	3.11617
48000	2.98921	2.93067	3.13157	3.11701	3.11893
49000	2.97232	2.93672	3.13141	3.11512	3.11152
50000	2.97261	2.94292	3.13298	3.12086	3.11395
51000	2.97004	2.94156	3.13012	3.12042	3.1178
52000	2.97293	2.9455	3.13642	3.14297	3.11177
53000	2.95899	2.94787	3.13513	3.18238	3.11406
54000	2.96056	2.95313	3.13867	3.2207	3.11056
55000	2.96546	2.94971	3.13477	3.23972	3.11225
56000	2.96165	2.953	3.13725	3.251	3.11259
57000	2.96566	2.9529	3.13255	3.26512	3.11228
58000	2.95628	2.95662	3.12934	3.27816	3.11177
59000	2.95765	2.9503	3.13079	3.29575	3.11348
60000	2.95989	2.95426	3.1333	3.28959	3.11556
61000	2.95569	2.95565	3.13688	3.30424	3.11006
62000	2.95043	2.95434	3.13144	3.30845	3.11248
63000	2.95184	2.96392	3.13425	3.29462	3.11468
64000	2.95195	2.96288	3.1427	3.32298	3.11428
65000	2.95468	2.9579	3.14359	3.33064	3.11137
66000	2.95575	2.96008	3.14596	3.32296	3.11708
67000	2.95377	2.95669	3.1482	3.32052	3.11256
68000	2.95652	2.96475	3.15109	3.3229	3.1181
69000	2.9518	2.96127	3.14366	3.31092	3.11334
70000	2.95075	2.96199	3.1401	3.32436	3.11285
71000	2.95284	2.9572	3.14249	3.33356	3.11433
72000	2.95904	2.95808	3.14206	3.30324	3.11165
73000	2.96122	2.95814	3.14571	3.32564	3.11407
74000	2.96746	2.96055	3.14554	3.3022	3.11513
75000	2.966	2.9654	3.14416	3.31133	3.1114
76000	2.96524	2.9704	3.14231	3.30578	3.11542
77000	2.96114	2.9695	3.13874	3.30755	3.11441
78000	2.95704	2.97365	3.13572	3.32244	3.11939
79000	2.95755	2.97947	3.13357	3.30734	3.11246
80000	2.95786	2.98019	3.13169	3.32565	3.11354
81000	2.95818	2.97473	3.13938	3.3223	3.11172
82000	2.95429	2.97895	3.13824	3.32439	3.11468
83000	2.95302	2.97551	3.1348	3.32887	3.1113
84000	2.9561	2.98408	3.13613	3.31382	3.11087
85000	2.94519	2.9877	3.13937	3.32019	3.11413
86000	2.9411	2.99416	3.14318	3.3041	3.11163
87000	2.94171	3.00623	3.1487	3.29307	3.11453
88000	2.94125	3.00831	3.1518	3.24789	3.11536
89000	2.93292	3.00611	3.15735	3.24753	3.11325
90000	2.93244	3.00949	3.15396	3.2463	3.11206
91000	2.93249	3.01624	3.15144	3.24431	3.11491
92000	2.92692	3.0013	3.15468	3.2479	3.11912
93000	2.90764	2.99181	3.1595	3.24748	3.11661
94000	2.85484	2.98729	3.15829	3.24068	3.11555
95000	2.78101	2.99178	3.16742	3.23525	3.11772
96000	2.75183	2.97968	3.16389	3.22931	3.11515
97000	2.75431	2.97907	3.17162	3.22854	3.12182
98000	2.74996	2.99487	3.18053	3.22323	3.11457
99000	2.75107	2.98597	3.20096	3.22227	3.11633
100000	2.74625	2.98967	3.20501	3.2155	3.1147
101000	2.74397	2.99348	3.21332	3.21563	3.11411
102000	2.73972	2.98503	3.21477	3.2129	3.11852
103000	2.73321	2.99172	3.22181	3.21182	3.11867
104000	2.73275	2.98682	3.22858	3.20941	3.11666
105000	2.72454	2.98795	3.24948	3.21025	3.11593
106000	2.71886	2.99075	3.26347	3.20872	3.12004
107000	2.71421	3.00521	3.27978	3.20563	3.11704
108000	2.7111	2.9972	3.29715	3.2073	3.11848
109000	2.70944	2.99642	3.31187	3.21171	3.12019
110000	2.70189	2.99921	3.323	3.20977	3.12118
111000	2.69535	3.00289	3.35345	3.21162	3.12346
112000	2.68413	2.99917	3.35738	3.2072	3.11746
113000	2.6765	3.01291	3.36406	3.21027	3.11471
114000	2.6723	3.00778	3.3742	3.20836	3.11265
115000	2.66272	3.01259	3.37731	3.20952	3.11445
116000	2.66164	3.00669	3.37112	3.20826	3.11348
117000	2.66486	3.00039	3.37513	3.20932	3.1151
118000	2.6608	2.9922	3.37807	3.2068	3.11659
119000	2.65752	3.00987	3.38368	3.20907	3.10958
120000	2.65962	3.00019	3.38445	3.20598	3.11554
121000	2.65382	3.00101	3.38638	3.206	3.11139
122000	2.65596	3.00765	3.38443	3.20499	3.11628
123000	2.64979	3.00148	3.3846	3.20581	3.11366
124000	2.65455	3.01481	3.3821	3.20371	3.11241
125000	2.65961	3.01525	3.38493	3.20444	3.1158
126000	2.66041	3.03023	3.38219	3.20598	3.11274
127000	2.66023	3.02247	3.38431	3.20688	3.11642
128000	2.66077	3.01517	3.3795	3.21617	3.11102
129000	2.66432	3.00928	3.38253	3.2204	3.113
130000	2.66195	3.00091	3.38084	3.22438	3.11219
131000	2.6578	2.99189	3.3779	3.22919	3.11361
132000	2.65039	2.98567	3.38148	3.23268	3.11224
133000	2.65564	2.96786	3.38004	3.24082	3.11419
134000	2.65402	2.95704	3.37798	3.24044	3.11551
135000	2.65017	2.94386	3.37756	3.24146	3.11578
136000	2.649	2.94466	3.3824	3.24891	3.11794
137000	2.65475	2.93251	3.37699	3.26374	3.11505
138000	2.65652	2.92474	3.37713	3.25318	3.11346
139000	2.6582	2.93215	3.37341	3.25325	3.10814
140000	2.6553	2.9176	3.375	3.26703	3.11015
141000	2.64785	2.91242	3.37133	3.26808	3.11044
142000	2.6506	2.912	3.3771	3.28112	3.11296
143000	2.65002	2.90998	3.37582	3.29419	3.11051
144000	2.6462	2.90363	3.37949	3.28983	3.11064
145000	2.63549	2.90693	3.3832	3.28484	3.11099
146000	2.62644	2.90216	3.37848	3.28696	3.10822
147000	2.62284	2.90823	3.37406	3.28882	3.11282
148000	2.6293	2.9038	3.37764	3.28545	3.11746
149000	2.61175	2.91172	3.38003	3.29023	3.11401
150000	2.60531	2.90611	3.37976	3.29294	3.11392
151000	2.59565	2.91128	3.37751	3.29619	3.11235
152000	2.57172	2.90103	3.38112	3.29435	3.11389
153000	2.53246	2.90631	3.37889	3.28871	3.11437
154000	2.48976	2.90854	3.37724	3.27684	3.11063
155000	2.48603	2.90513	3.38363	3.28646	3.1133
156000	2.48362	2.89993	3.37864	3.27784	3.1145
157000	2.48104	2.89789	3.37834	3.29386	3.11382
158000	2.4732	2.8995	3.38535	3.29835	3.11462
159000	2.48338	2.89797	3.38767	3.28489	3.1149
160000	2.4776	2.90204	3.39088	3.28454	3.11234
161000	2.47033	2.89944	3.38529	3.28635	3.11549
162000	2.46986	2.90319	3.38522	3.28693	3.11247
163000	2.47375	2.90325	3.39144	3.28986	3.11525
164000	2.47175	2.89859	3.38986	3.29218	3.11493
165000	2.46387	2.89874	3.39202	3.30135	3.11328
166000	2.46673	2.89484	3.40238	3.31135	3.10853
167000	2.47231	2.89673	3.40041	3.32178	3.11341
168000	2.46161	2.89783	3.3957	3.33225	3.11323
169000	2.46125	2.88906	3.4022	3.32143	3.10798
170000	2.46989	2.89341	3.4087	3.3218	3.10684
171000	2.46324	2.89129	3.41173	3.31803	3.10856
172000	2.45795	2.89568	3.41797	3.32598	3.10713
173000	2.45441	2.89286	3.42029	3.32021	3.10605
174000	2.44444	2.89218	3.41953	3.33201	3.10608
175000	2.44383	2.8947	3.42625	3.34307	3.11132
176000	2.43879	2.89053	3.42791	3.34942	3.11193
177000	2.43087	2.89143	3.4282	3.33748	3.10648
178000	2.41807	2.89066	3.42813	3.3275	3.10814
179000	2.40824	2.88884	3.43851	3.3086	3.11198
180000	2.40191	2.89352	3.4353	3.32063	3.11411
181000	2.38817	2.89426	3.43988	3.3258	3.1108
182000	2.38333	2.8952	3.44929	3.33076	3.11406
183000	2.37194	2.89023	3.45048	3.33013	3.11436
184000	2.36084	2.89059	3.46182	3.33706	3.11355
185000	2.35093	2.89402	3.45632	3.34003	3.113
186000	2.33848	2.88864	3.45591	3.34576	3.11506
187000	2.33761	2.88921	3.46226	3.35093	3.11734
188000	2.33185	2.88799	3.46211	3.36917	3.11525
189000	2.3254	2.89029	3.46805	3.3756	3.11523
190000	2.32417	2.8901	3.4788	3.36886	3.1192
191000	2.32597	2.8924	3.48797	3.3638	3.11239
192000	2.31754	2.89038	3.49511	3.3488	3.11257
193000	2.31434	2.88731	3.49222	3.37004	3.11597
194000	2.3126	2.88955	3.4968	3.36665	3.11736
195000	2.31178	2.8887	3.49435	3.39835	3.11444
196000	2.31243	2.89143	3.50875	3.38137	3.11129
197000	2.31266	2.88656	3.5059	3.37928	3.11056
198000	2.31264	2.88618	3.51644	3.37522	3.10875
199000	2.31148	2.88695	3.51074	3.37803	3.11658
200000	2.30452	2.89047	3.53333	3.37013	3.11731
